{"cameraMode":{"drawMode":0,"name":"Shaded","section":"Shading Mode"},"sceneLighting":false,"audioPlay":false,"sceneViewState":{"showFog":true,"showMaterialUpdate":false,"showSkybox":false,"showFlares":true,"showImageEffects":true,"showParticleSystems":true},"in2DMode":false,"pivot":{"x":-0.12591403722763062,"y":2.843578338623047,"z":-2.690343141555786},"rotation":{"x":0.013392594642937184,"y":-0.97890704870224,"z":0.19213350117206574,"w":0.06824894994497299},"size":30.27140235900879,"orthographic":false}