{"cameraMode":{"drawMode":0,"name":"Shaded","section":"Shading Mode"},"sceneLighting":false,"audioPlay":false,"sceneViewState":{"showFog":true,"showMaterialUpdate":false,"showSkybox":false,"showFlares":true,"showImageEffects":true,"showParticleSystems":true},"in2DMode":false,"pivot":{"x":0.006499648094177246,"y":2.598750114440918,"z":8.637696266174317},"rotation":{"x":0.43689534068107607,"y":0.06225883215665817,"z":-0.030333876609802247,"w":0.896852970123291},"size":7.388774871826172,"orthographic":false}