{"cameraMode":{"drawMode":0,"name":"Shaded","section":"Shading Mode"},"sceneLighting":false,"audioPlay":false,"sceneViewState":{"showFog":true,"showMaterialUpdate":false,"showSkybox":false,"showFlares":true,"showImageEffects":true,"showParticleSystems":true},"in2DMode":false,"pivot":{"x":10.13790512084961,"y":2.858553647994995,"z":14.165882110595704},"rotation":{"x":0.4416205585002899,"y":0.10483209788799286,"z":-0.052049580961465839,"w":0.8895456194877625},"size":11.472970008850098,"orthographic":false}