{"cameraMode":{"drawMode":0,"name":"Shaded","section":"Shading Mode"},"sceneLighting":false,"audioPlay":false,"sceneViewState":{"showFog":true,"showMaterialUpdate":false,"showSkybox":false,"showFlares":true,"showImageEffects":true,"showParticleSystems":true},"in2DMode":false,"pivot":{"x":10.985774040222168,"y":1.6880311965942383,"z":10.973197937011719},"rotation":{"x":0.4416205585002899,"y":0.10483209788799286,"z":-0.052049580961465839,"w":0.8895456194877625},"size":7.6570940017700199,"orthographic":false}