{"cameraMode":{"drawMode":0,"name":"Shaded","section":"Shading Mode"},"sceneLighting":false,"audioPlay":false,"sceneViewState":{"showFog":true,"showMaterialUpdate":false,"showSkybox":false,"showFlares":true,"showImageEffects":true,"showParticleSystems":true},"in2DMode":false,"pivot":{"x":33.88470458984375,"y":-11.295867919921875,"z":-37.156673431396487},"rotation":{"x":-0.04469719156622887,"y":-0.947868824005127,"z":0.15375326573848725,"w":-0.2755354344844818},"size":30.19438934326172,"orthographic":false}